Navn,Beskrivelse,By,Oprettelse,Pris-uden-hold,Pris-med-hold,Holdtraening,Tilbud,Link,Rel
Fitnessworld,,København,99,179,179,Ja,,,
Form & Fitness,,København,299,199,279,Ja,,,
Loop,,København,0,239,239,Ja,,,
Fysioterapi Nordvest,,København,275,265,265,Ja,,,
Repeat,,København,199,269,299,Ja,,,
Pro Republiq,,København,159,295,295,Ja,,,
Raw Gym,,København,200,295,295,Nej,,,
Fit & Sund,,København,0,299,299,Ja,,,
Fysisk Form,,København,0,299,299,Ja,,,
Fitness X,FitnessX er en ambitiøs fitnesskæde med mere end 20 centre fordelt i hele landet - og med flere på vej. Med et abonnement er der fri adgang til alle centre med det nyeste udstyr samt fri adgang til alle hold. Træn i hele åbningstiden til en fast lav pris.,København,0,300,300,Ja,Træn to. Betal for én. + 50% rabat indtil 1. januar 2023.,https://aslinkhub.com/?bid=2563912&media_id=90737,sponsored nofollow noopener
Vesterbronx,,København,0,349,445,Ja,,,
SATS,,København,0,359,359,Ja,,,
Target-Gym,,København,0,399,,Nej,,,
Sporting Health Club,,København,99,429,449,Ja,,,
Copenhagen Gym,,København,0,495,,Nej,,,
InFitness,,Århus,50,99,99,Ja,,,
Fitnessworld,,Århus,99,179,179,Ja,,,
Sport og Fitness,,Århus,0,209,209,Ja,,,
DGI-Huset,,Århus,0,219,219,Ja,,,
Loop,,Århus,0,239,239,Ja,,,
Power House,,Århus,199,249,249,Ja,,,
Fitness United,,Århus,0,249,249,Ja,,,
Harlev Motion,,Århus,100,265,265,Ja,,,
Motus Fit,,Århus,0,279,399,Ja,,,
Pro Republiq,,Århus,159,295,295,Ja,,,
Fit & Sund,,Århus,0,299,299,Ja,,,
Fitness X,FitnessX er en ambitiøs fitnesskæde med mere end 20 centre fordelt i hele landet - og med flere på vej. Med et abonnement er der fri adgang til alle centre med det nyeste udstyr samt fri adgang til alle hold. Træn i hele åbningstiden til en fast lav pris. Med Træningsven er det muligt at træne to på ét medlemskab - og dermed to for éns pris,Århus,0,350,350,Ja,Træn to. Betal for én. + 50% rabat indtil 1. januar 2023.,https://aslinkhub.com/?bid=2563912&media_id=90737,sponsored nofollow noopener
SeierFitness,,Århus,0,495,495,Ja,,,
Fit-Zone,,Odense,0,159,,Nej,,,
Fitnessworld,,Odense,99,179,179,Ja,,,
Ground,,Odense,0,199,199,Ja,,,
Dyrup Fitness,,Odense,199,199,249,Ja,,,
Loop,,Odense,0,239,239,Ja,,,
Go2Fitness,,Odense,0,249,249,Ja,,,
Fitness1,,Odense,0,249,249,Ja,,,
Fin Form,,Odense,0,259,259,Ja,,,
Repeat,,Odense,199,269,299,Ja,,,
OBBC,,Odense,0,275,275,Ja,,,
FTO,,Odense,0,295,295,Ja,,,
CSS,,Odense,0,299,299,Ja,,,
Fit & Sund,,Odense,0,299,299,Ja,,,
Fitness X,FitnessX er en ambitiøs fitnesskæde med mere end 20 centre fordelt i hele landet - og med flere på vej. Med et abonnement er der fri adgang til alle centre med det nyeste udstyr samt fri adgang til alle hold. Træn i hele åbningstiden til en fast lav pris. Med Træningsven er det muligt at træne to på ét medlemskab - og dermed to for éns pris,Odense,0,350,350,Ja,Træn to. Betal for én. + 50% rabat indtil 1. januar 2023.,https://aslinkhub.com/?bid=2563912&media_id=90737,sponsored nofollow noopener
Fit-Zone,,Aalborg,0,159,,Nej,,,
Fitnessworld,,Aalborg,99,179,179,Ja,,,
Haraldslund,,Aalborg,0,210,,Nej,,,
Loop,,Aalborg,0,239,239,Ja,,,
Fitness1,,Aalborg,0,249,249,Ja,,,
Shape Fitness,,Aalborg,0,249,249,Ja,,,
FitnessØ,,Aalborg,0,250,250,Ja,,,
Fokus Fitness,,Aalborg,0,279,279,Ja,,,
Gym & Fitness,,Aalborg,0,279,279,Ja,,,
Pro Republiq,,Aalborg,159,295,295,Ja,,,
Fitness X,FitnessX er en ambitiøs fitnesskæde med mere end 20 centre fordelt i hele landet - og med flere på vej. Med et abonnement er der fri adgang til alle centre med det nyeste udstyr samt fri adgang til alle hold. Træn i hele åbningstiden til en fast lav pris. Med Træningsven er det muligt at træne to på ét medlemskab - og dermed to for éns pris,Aalborg,0,350,350,Ja,Træn to. Betal for én. + 50% rabat indtil 1. januar 2023.,https://aslinkhub.com/?bid=2563912&media_id=90737,sponsored nofollow noopener